-- phpMyAdmin SQL Dump
-- version 4.9.5
-- https://www.phpmyadmin.net/
--
-- Servidor: localhost:3306
-- Tiempo de generación: 26-12-2020 a las 08:33:28
-- Versión del servidor: 5.7.32-cll-lve
-- Versión de PHP: 7.3.6

SET SQL_MODE = "NO_AUTO_VALUE_ON_ZERO";
SET AUTOCOMMIT = 0;
START TRANSACTION;
SET time_zone = "+00:00";


/*!40101 SET @OLD_CHARACTER_SET_CLIENT=@@CHARACTER_SET_CLIENT */;
/*!40101 SET @OLD_CHARACTER_SET_RESULTS=@@CHARACTER_SET_RESULTS */;
/*!40101 SET @OLD_COLLATION_CONNECTION=@@COLLATION_CONNECTION */;
/*!40101 SET NAMES utf8mb4 */;

--
-- Base de datos: `wilgaiso_wilgaisoft`
--

-- --------------------------------------------------------

--
-- Estructura de tabla para la tabla `categoria`
--

CREATE TABLE `categoria` (
  `Id` int(11) NOT NULL,
  `nombre` varchar(50) NOT NULL
) ENGINE=InnoDB DEFAULT CHARSET=utf8mb4;

--
-- Volcado de datos para la tabla `categoria`
--

INSERT INTO `categoria` (`Id`, `nombre`) VALUES
(1, 'Comunicacion'),
(2, 'Celulares'),
(3, 'Accesorio');

-- --------------------------------------------------------

--
-- Estructura de tabla para la tabla `detalle_factura`
--

CREATE TABLE `detalle_factura` (
  `Id` int(11) NOT NULL,
  `codigo_articulo` int(11) NOT NULL,
  `cantidad` int(11) NOT NULL,
  `precio` decimal(10,0) NOT NULL,
  `idFactura` varchar(30) NOT NULL,
  `itbis` int(11) NOT NULL,
  `IdInventario` int(11) NOT NULL,
  `ref` varchar(50) NOT NULL
) ENGINE=InnoDB DEFAULT CHARSET=utf8mb4;

--
-- Volcado de datos para la tabla `detalle_factura`
--

INSERT INTO `detalle_factura` (`Id`, `codigo_articulo`, `cantidad`, `precio`, `idFactura`, `itbis`, `IdInventario`, `ref`) VALUES
(20, 7, 1, 500, 'FAC121013', 0, 0, ''),
(21, 7, 2, 500, 'FAC909755', 0, 10, ''),
(23, 9, 1, 15765, 'FAC724549', 0, 0, ''),
(24, 10, 1, 13882, 'FAC792118', 0, 0, ''),
(25, 11, 1, 10118, 'FAC142543', 0, 0, ''),
(26, 12, 1, 8049, 'FAC618038', 0, 0, ''),
(27, 18, 1, 7000, 'FAC837633', 0, 0, ''),
(28, 19, 1, 10125, 'FAC494349', 0, 0, ''),
(29, 20, 1, 16118, 'FAC344802', 0, 0, ''),
(30, 21, 1, 9250, 'FAC626142', 0, 0, ''),
(31, 26, 1, 3688, 'FAC686068', 0, 0, ''),
(32, 28, 1, 13029, 'FAC657560', 0, 0, ''),
(33, 64, 2, 1273, 'FAC126135', 0, 0, ''),
(34, 65, 1, 1078, 'FAC353147', 0, 0, ''),
(35, 29, 1, 1000, 'FAC239579', 0, 0, ''),
(36, 30, 2, 200, 'FAC528880', 0, 0, ''),
(37, 31, 10, 500, 'FAC163369', 0, 0, ''),
(38, 32, 2, 800, 'FAC648469', 0, 0, ''),
(39, 33, 6, 152, 'FAC648469', 0, 0, ''),
(40, 34, 1, 1200, 'FAC648469', 0, 0, ''),
(41, 35, 1, 1304, 'FAC648469', 0, 0, ''),
(42, 36, 2, 500, 'FAC648469', 0, 0, ''),
(43, 168, 1, 1200, 'FAC846217', 0, 0, ''),
(44, 41, 10, 375, 'FAC108747', 0, 0, ''),
(45, 42, 2, 400, 'FAC108747', 0, 0, ''),
(46, 43, 5, 300, 'FAC108747', 0, 0, ''),
(47, 44, 3, 100, 'FAC108747', 0, 0, ''),
(48, 45, 18, 313, 'FAC108747', 0, 0, ''),
(49, 46, 7, 200, 'FAC108747', 0, 0, ''),
(50, 47, 13, 200, 'FAC108747', 0, 0, ''),
(51, 48, 8, 250, 'FAC108747', 0, 0, ''),
(52, 51, 10, 250, 'FAC108747', 0, 0, ''),
(53, 52, 9, 222, 'FAC108747', 0, 0, ''),
(54, 53, 6, 240, 'FAC108747', 0, 0, ''),
(55, 37, 4, 375, 'FAC108747', 0, 0, ''),
(56, 39, 13, 174, 'FAC230047', 0, 0, ''),
(57, 54, 2, 2160, 'FAC230047', 0, 0, ''),
(58, 55, 1, 1580, 'FAC230047', 0, 0, ''),
(59, 56, 2, 1500, 'FAC230047', 0, 0, ''),
(60, 57, 1, 1700, 'FAC230047', 0, 0, ''),
(61, 58, 1, 1625, 'FAC230047', 0, 0, ''),
(62, 59, 3, 2568, 'FAC827034', 0, 0, ''),
(63, 60, 3, 3521, 'FAC827034', 0, 0, ''),
(64, 61, 2, 1400, 'FAC827034', 0, 0, ''),
(65, 62, 2, 1458, 'FAC827034', 0, 0, ''),
(66, 66, 2, 556, 'FAC827034', 0, 0, ''),
(67, 67, 2, 761, 'FAC827034', 0, 0, ''),
(68, 68, 2, 476, 'FAC827034', 0, 0, ''),
(69, 69, 2, 1200, 'FAC827034', 0, 0, ''),
(70, 70, 2, 356, 'FAC827034', 0, 0, ''),
(71, 115, 1, 300, 'FAC222421', 0, 0, ''),
(72, 115, 1, 300, 'FAC533477', 0, 60, ''),
(73, 71, 1, 330, 'FAC122363', 0, 0, ''),
(74, 72, 1, 440, 'FAC122363', 0, 0, ''),
(75, 73, 1, 365, 'FAC128941', 0, 0, ''),
(76, 74, 11, 353, 'FAC128941', 0, 0, ''),
(77, 75, 5, 353, 'FAC128941', 0, 0, ''),
(78, 37, 1, 375, 'FAC483940', 0, 44, ''),
(79, 76, 5, 353, 'FAC415067', 0, 0, ''),
(80, 77, 3, 400, 'FAC415067', 0, 0, ''),
(81, 169, 1, 400, 'FAC118417', 0, 0, ''),
(82, 78, 1, 400, 'FAC118417', 0, 0, ''),
(83, 170, 1, 364, 'FAC572819', 0, 0, ''),
(84, 79, 3, 500, 'FAC572819', 0, 0, ''),
(85, 80, 6, 450, 'FAC572819', 0, 0, ''),
(86, 81, 2, 500, 'FAC572819', 0, 0, ''),
(87, 82, 2, 250, 'FAC572819', 0, 0, ''),
(88, 83, 10, 450, 'FAC572819', 0, 0, ''),
(89, 84, 1, 563, 'FAC572819', 0, 0, ''),
(90, 171, 2, 350, 'FAC483237', 0, 0, ''),
(91, 85, 3, 380, 'FAC483237', 0, 0, ''),
(92, 86, 2, 269, 'FAC483237', 0, 0, ''),
(93, 87, 1, 313, 'FAC483237', 0, 0, ''),
(94, 172, 2, 365, 'FAC962754', 0, 0, ''),
(95, 92, 4, 286, 'FAC962754', 0, 0, ''),
(96, 63, 3, 455, 'FAC989098', 0, 0, ''),
(97, 173, 2, 351, 'FAC906107', 0, 0, ''),
(98, 93, 5, 300, 'FAC435306', 0, 0, ''),
(99, 96, 6, 380, 'FAC435306', 0, 0, ''),
(100, 97, 1, 380, 'FAC435306', 0, 0, ''),
(101, 98, 5, 391, 'FAC435306', 0, 0, ''),
(102, 174, 3, 432, 'FAC149701', 0, 0, ''),
(103, 99, 2, 370, 'FAC149701', 0, 0, ''),
(104, 175, 3, 340, 'FAC393335', 0, 0, ''),
(105, 104, 3, 250, 'FAC393335', 0, 0, ''),
(106, 105, 6, 200, 'FAC393335', 0, 0, ''),
(107, 103, 1, 233, 'FAC393335', 0, 0, ''),
(108, 176, 1, 320, 'FAC846147', 0, 0, ''),
(109, 177, 1, 286, 'FAC846147', 0, 0, ''),
(110, 106, 1, 200, 'FAC846147', 0, 0, ''),
(111, 107, 1, 200, 'FAC846147', 0, 0, ''),
(112, 108, 1, 200, 'FAC846147', 0, 0, ''),
(113, 109, 1, 150, 'FAC629434', 0, 0, ''),
(114, 110, 5, 340, 'FAC629434', 0, 0, ''),
(115, 111, 5, 350, 'FAC629434', 0, 0, ''),
(116, 112, 2, 350, 'FAC629434', 0, 0, ''),
(117, 178, 4, 350, 'FAC371794', 0, 0, ''),
(118, 113, 2, 269, 'FAC371794', 0, 0, ''),
(119, 46, 1, 200, 'FAC957884', 0, 38, ''),
(120, 52, 1, 222, 'FAC957884', 0, 0, '42'),
(121, 114, 1, 250, 'FAC661829', 0, 0, ''),
(122, 116, 1, 308, 'FAC661829', 0, 0, ''),
(123, 117, 3, 333, 'FAC661829', 0, 0, ''),
(124, 118, 10, 200, 'FAC415691', 0, 0, ''),
(125, 119, 5, 200, 'FAC415691', 0, 0, ''),
(126, 120, 5, 200, 'FAC578259', 0, 0, ''),
(127, 119, 5, 0, 'FAC121714', 0, 0, ''),
(128, 119, 5, 200, 'FAC121714', 0, 0, ''),
(129, 121, 5, 200, 'FAC121714', 0, 0, ''),
(130, 122, 3, 200, 'FAC121714', 0, 0, ''),
(131, 123, 5, 200, 'FAC856882', 0, 0, ''),
(132, 124, 4, 200, 'FAC856882', 0, 0, ''),
(133, 126, 9, 200, 'FAC856882', 0, 0, ''),
(134, 127, 5, 200, 'FAC197740', 0, 0, ''),
(135, 130, 5, 200, 'FAC197740', 0, 0, ''),
(136, 133, 5, 200, 'FAC197740', 0, 0, ''),
(137, 147, 5, 200, 'FAC197740', 0, 0, ''),
(138, 154, 5, 200, 'FAC197740', 0, 0, ''),
(139, 179, 1, 200, 'FAC197740', 0, 0, ''),
(140, 156, 1, 200, 'FAC197740', 0, 0, ''),
(141, 139, 5, 200, 'FAC197740', 0, 0, ''),
(142, 157, 1, 200, 'FAC197740', 0, 0, ''),
(143, 140, 5, 200, 'FAC576790', 0, 0, ''),
(144, 134, 3, 200, 'FAC576790', 0, 0, ''),
(145, 135, 5, 200, 'FAC576790', 0, 0, ''),
(146, 136, 5, 200, 'FAC576790', 0, 0, ''),
(147, 141, 5, 200, 'FAC576790', 0, 0, ''),
(148, 143, 5, 200, 'FAC576790', 0, 0, ''),
(149, 144, 5, 200, 'FAC576790', 0, 0, ''),
(150, 146, 5, 200, 'FAC576790', 0, 0, ''),
(151, 145, 5, 200, 'FAC576790', 0, 0, ''),
(152, 147, 5, 200, 'FAC576790', 0, 0, ''),
(153, 163, 3, 200, 'FAC576790', 0, 0, ''),
(154, 162, 5, 200, 'FAC576790', 0, 0, ''),
(155, 158, 2, 200, 'FAC576790', 0, 0, ''),
(156, 134, 3, 200, 'FAC576790', 0, 0, ''),
(157, 149, 10, 200, 'FAC576790', 0, 0, ''),
(158, 185, 1000, 13156, 'FAC387663', 0, 0, ''),
(159, 185, 2, 13156, 'FAC589700', 0, 143, ''),
(160, 118, 5, 200, 'FAC943129', 0, 0, ''),
(161, 186, 10, 200, 'FAC943129', 0, 0, ''),
(162, 81, 5, 200, 'FAC943129', 0, 0, ''),
(163, 149, 1, 200, 'FAC490653', 0, 142, ''),
(164, 127, 5, 200, 'FAC385744', 0, 0, ''),
(165, 130, 5, 0, 'FAC385744', 0, 0, ''),
(166, 190, 5, 200, 'FAC385744', 0, 0, ''),
(167, 136, 5, 200, 'FAC714488', 0, 0, ''),
(168, 142, 5, 200, 'FAC714488', 0, 0, ''),
(169, 191, 5, 200, 'FAC714488', 0, 0, ''),
(170, 192, 10, 200, 'FAC714488', 0, 0, ''),
(171, 193, 1, 400, 'FAC714488', 0, 0, ''),
(172, 195, 1, 400, 'FAC714488', 0, 0, ''),
(173, 196, 1, 400, 'FAC714488', 0, 0, ''),
(174, 197, 1, 400, 'FAC714488', 0, 0, ''),
(175, 198, 2, 400, 'FAC714488', 0, 0, ''),
(176, 147, 5, 200, 'FAC714488', 0, 0, ''),
(177, 201, 1, 350, 'FAC899268', 0, 0, ''),
(178, 183, 3, 350, 'FAC899268', 0, 0, ''),
(179, 151, 6, 350, 'FAC899268', 0, 0, ''),
(180, 199, 6, 400, 'FAC899268', 0, 0, ''),
(181, 200, 2, 350, 'FAC899268', 0, 0, ''),
(182, 167, 2, 350, 'FAC899268', 0, 0, ''),
(183, 164, 2, 350, 'FAC899268', 0, 0, ''),
(184, 184, 1, 350, 'FAC899268', 0, 0, ''),
(185, 185, 1, 13156, 'FAC191660', 0, 143, ''),
(186, 8, 1, 15765, 'FAC763414', 0, 11, ''),
(187, 37, 1, 375, 'FAC680036', 0, 44, ''),
(188, 185, 1, 13156, 'FAC826465', 0, 143, '');

-- --------------------------------------------------------

--
-- Estructura de tabla para la tabla `factura`
--

CREATE TABLE `factura` (
  `Id` int(11) NOT NULL,
  `usuario_registro` int(11) NOT NULL,
  `codigoCliente` varchar(50) NOT NULL,
  `tipoDocumento` varchar(30) NOT NULL,
  `ncf` varchar(50) NOT NULL,
  `referencia` varchar(30) NOT NULL,
  `descuento` decimal(10,0) NOT NULL,
  `detalle` varchar(100) NOT NULL,
  `totaln` decimal(10,0) NOT NULL,
  `itbistot` decimal(10,0) NOT NULL,
  `fecha` datetime NOT NULL,
  `OrderNumber` varchar(30) NOT NULL,
  `metPago` varchar(50) NOT NULL,
  `suplidor` int(11) NOT NULL
) ENGINE=InnoDB DEFAULT CHARSET=utf8mb4;

--
-- Volcado de datos para la tabla `factura`
--

INSERT INTO `factura` (`Id`, `usuario_registro`, `codigoCliente`, `tipoDocumento`, `ncf`, `referencia`, `descuento`, `detalle`, `totaln`, `itbistot`, `fecha`, `OrderNumber`, `metPago`, `suplidor`) VALUES
(269293811, 78, '', 'Compra', '', '', 0, '', 11070, 0, '2020-12-22 00:00:00', 'FAC108747', 'Efectivo', 7),
(1441091245, 78, '', 'Compra', '', '', 0, '', 160, 0, '2020-12-22 00:00:00', 'FAC118417', 'Efectivo', 9),
(73564091, 78, '', 'Compra', '', '', 0, '', 250, 0, '2020-12-21 00:00:00', 'FAC121013', 'Efectivo', 9),
(1149475298, 81, '', 'Compra', '', '', 0, '', 265, 0, '2020-12-23 00:00:00', 'FAC121714', 'Efectivo', 9),
(1650153495, 78, '', 'Compra', '', '', 0, '', 385, 0, '2020-12-22 00:00:00', 'FAC122363', 'Efectivo', 0),
(1695003724, 81, '', 'Compra', '', '', 0, '', 1400, 0, '2020-12-21 00:00:00', 'FAC126135', 'Efectivo', 10),
(660983706, 78, '', 'Compra', '', '', 0, '', 1055, 0, '2020-12-22 00:00:00', 'FAC128941', 'Efectivo', 0),
(97738808, 81, '', 'Compra', '', '', 0, '', 8600, 0, '2020-12-21 00:00:00', 'FAC142543', 'Efectivo', 6),
(877148792, 78, '', 'Compra', '', '', 0, '', 455, 0, '2020-12-22 00:00:00', 'FAC149701', 'Efectivo', 9),
(2072288220, 78, '', 'Compra', '', '', 0, '', 1900, 0, '2020-12-22 00:00:00', 'FAC163369', 'Efectivo', 7),
(486117034, 78, 'TYGU', 'Factura', '', '', 0, '', 13156, 0, '2020-12-23 00:00:00', 'FAC191660', 'Efectivo', 0),
(1448780392, 81, '', 'Compra', '', '', 0, '', 495, 0, '2020-12-23 00:00:00', 'FAC197740', 'Efectivo', 8),
(618664779, 78, '', 'Compra', '', '', 0, '', 150, 0, '2020-12-22 00:00:00', 'FAC222421', 'Efectivo', 9),
(1437898684, 78, '', 'Compra', '', '', 0, '', 6625, 0, '2020-12-22 00:00:00', 'FAC230047', 'Efectivo', 0),
(1033469437, 78, '', 'Compra', '', '', 0, '', 450, 0, '2020-12-22 00:00:00', 'FAC239579', 'Efectivo', 0),
(1537402951, 81, 'WILGAI', 'Compra', '', '', 0, '', 13400, 0, '2020-12-21 00:00:00', 'FAC309173', 'Efectivo', 6),
(854777491, 81, '', 'Compra', '', '', 0, '', 13700, 0, '2020-12-21 00:00:00', 'FAC344802', 'Efectivo', 6),
(1954031017, 81, '', 'Compra', '', '', 0, '', 550, 0, '2020-12-21 00:00:00', 'FAC353147', 'Efectivo', 10),
(552417414, 78, '', 'Compra', '', '', 0, '', 210, 0, '2020-12-22 00:00:00', 'FAC371794', 'Efectivo', 9),
(2031825282, 78, '', 'Compra', '', '', 0, '', 225, 0, '2020-12-23 00:00:00', 'FAC385744', 'Efectivo', 9),
(1067093925, 78, '', 'Compra', '', '', 0, '', 10525000, 0, '2020-12-23 00:00:00', 'FAC387663', 'Efectivo', 10),
(256619170, 78, '', 'Compra', '', '', 0, '', 620, 0, '2020-12-22 00:00:00', 'FAC393335', 'Efectivo', 9),
(1945882887, 78, '', 'Compra', '', '', 0, '', 540, 0, '2020-12-22 00:00:00', 'FAC415067', 'Efectivo', 9),
(1880456408, 81, '', 'Compra', '', '', 0, '', 225, 0, '2020-12-23 00:00:00', 'FAC415691', 'Efectivo', 9),
(1531290570, 78, '', 'Compra', '', '', 0, '', 1565, 0, '2020-12-22 00:00:00', 'FAC435306', 'Efectivo', 9),
(1366144375, 78, '', 'Compra', '', '', 0, '', 475, 0, '2020-12-22 00:00:00', 'FAC483237', 'Efectivo', 9),
(71547399, 78, 'Sin nombre', 'Factura', '', '', 0, '', 375, 0, '2020-12-23 00:00:00', 'FAC483940', 'Efectivo', 0),
(494065276, 78, '', 'Factura', '', '', 0, '', 200, 0, '2020-12-23 00:00:00', 'FAC490653', 'Efectivo', 0),
(944766642, 81, '', 'Compra', '', '', 0, '', 8100, 0, '2020-12-21 00:00:00', 'FAC494349', 'Efectivo', 6),
(1392752730, 78, '', 'Compra', '', '', 0, '', 200, 0, '2020-12-22 00:00:00', 'FAC528880', 'Efectivo', 8),
(843026788, 78, 'FLORENCIA', 'Factura', '', '', 0, '', 300, 0, '2020-12-22 00:00:00', 'FAC533477', 'Efectivo', 0),
(1033737251, 78, '', 'Compra', '', '', 0, '', 2140, 0, '2020-12-22 00:00:00', 'FAC572819', 'Efectivo', 9),
(1816460542, 81, '', 'Compra', '', '', 0, '', 1065, 0, '2020-12-23 00:00:00', 'FAC576790', 'Efectivo', 9),
(1208852573, 81, '', 'Compra', '', '', 0, '', 75, 0, '2020-12-23 00:00:00', 'FAC578259', 'Efectivo', 9),
(1185897507, 78, 'Prueba', 'Factura', '', '', 0, '', 26312, 0, '2020-12-23 00:00:00', 'FAC589700', 'Efectivo', 0),
(1020864373, 81, '', 'Compra', '', '', 0, '', 6600, 0, '2020-12-21 00:00:00', 'FAC618038', 'Efectivo', 6),
(1334553103, 81, '', 'Compra', '', '', 0, '', 7400, 0, '2020-12-21 00:00:00', 'FAC626142', 'Efectivo', 6),
(752028152, 78, '', 'Compra', '', '', 0, '', 700, 0, '2020-12-22 00:00:00', 'FAC629434', 'Efectivo', 9),
(461076324, 78, '', 'Compra', '', '', 0, '', 2800, 0, '2020-12-22 00:00:00', 'FAC648469', 'Efectivo', 7),
(849723931, 81, '', 'Compra', '', '', 0, '', 11400, 0, '2020-12-21 00:00:00', 'FAC657560', 'Efectivo', 6),
(2078400338, 78, '', 'Compra', '', '', 0, '', 225, 0, '2020-12-22 00:00:00', 'FAC661829', 'Efectivo', 9),
(1110271045, 81, '', 'Factura', '', '', 0, '', 375, 0, '2020-12-24 00:00:00', 'FAC680036', 'Efectivo', 0),
(1049877503, 81, '', 'Compra', '', '', 0, '', 2950, 0, '2020-12-21 00:00:00', 'FAC686068', 'Efectivo', 6),
(643878072, 78, '', 'Compra', '', '', 0, '', 1050, 0, '2020-12-23 00:00:00', 'FAC714488', 'Efectivo', 9),
(1891084116, 81, '', 'Compra', '', '', 0, '', 13400, 0, '2020-12-21 00:00:00', 'FAC724549', 'Efectivo', 6),
(1095086434, 78, 'Wilgai', 'Factura', '', '', 0, '', 15765, 0, '2020-12-23 00:00:00', 'FAC763414', 'Efectivo', 0),
(1092154305, 81, '', 'Compra', '', '', 0, '', 11800, 0, '2020-12-21 00:00:00', 'FAC792118', 'Efectivo', 6),
(1160113452, 78, 'will', 'Factura', '', '', 0, '', 13156, 0, '2020-12-25 00:00:00', 'FAC826465', 'Efectivo', 0),
(1972348579, 78, '', 'Compra', '', '', 0, '', 12200, 0, '2020-12-22 00:00:00', 'FAC827034', 'Efectivo', 8),
(602671925, 81, '', 'Compra', '', '', 0, '', 5600, 0, '2020-12-21 00:00:00', 'FAC837633', 'Efectivo', 6),
(1995766884, 78, '', 'Compra', '', '', 0, '', 210, 0, '2020-12-22 00:00:00', 'FAC846147', 'Efectivo', 9),
(178849320, 78, '', 'Compra', '', '', 0, '', 600, 0, '2020-12-22 00:00:00', 'FAC846217', 'Efectivo', 7),
(1682662414, 81, '', 'Compra', '', '', 0, '', 270, 0, '2020-12-23 00:00:00', 'FAC856882', 'Efectivo', 8),
(1155965732, 78, '', 'Compra', '', '', 0, '', 835, 0, '2020-12-23 00:00:00', 'FAC899268', 'Efectivo', 9),
(679795461, 78, '', 'Compra', '', '', 0, '', 330, 0, '2020-12-22 00:00:00', 'FAC906107', 'Efectivo', 10),
(676169496, 78, 'Alomar', 'Factura', '', '', 0, '', 500, 0, '2020-12-21 00:00:00', 'FAC909755', 'Efectivo', 0),
(1727557688, 78, '', 'Compra', '', '', 0, '', 300, 0, '2020-12-23 00:00:00', 'FAC943129', 'Efectivo', 9),
(1506772013, 78, 'ALEX', 'Factura', '', '', 0, '', 422, 0, '2020-12-22 00:00:00', 'FAC957884', 'Efectivo', 0),
(92694718, 78, '', 'Compra', '', '', 0, '', 350, 0, '2020-12-22 00:00:00', 'FAC962754', 'Efectivo', 9),
(1472907277, 78, '', 'Compra', '', '', 0, '', 450, 0, '2020-12-22 00:00:00', 'FAC989098', 'Efectivo', 6);

-- --------------------------------------------------------

--
-- Estructura de tabla para la tabla `inventario`
--

CREATE TABLE `inventario` (
  `Id` int(11) NOT NULL,
  `IdProducto` int(11) NOT NULL,
  `PrecioCompra` decimal(10,0) NOT NULL,
  `Ganancia` decimal(10,0) NOT NULL,
  `PrecioVenta` decimal(10,0) NOT NULL,
  `Cantidad` int(11) NOT NULL,
  `Fecha` date NOT NULL,
  `Itbis` decimal(10,0) NOT NULL,
  `ref` varchar(50) NOT NULL,
  `IdFactura` varchar(30) NOT NULL
) ENGINE=InnoDB DEFAULT CHARSET=utf8mb4;

--
-- Volcado de datos para la tabla `inventario`
--

INSERT INTO `inventario` (`Id`, `IdProducto`, `PrecioCompra`, `Ganancia`, `PrecioVenta`, `Cantidad`, `Fecha`, `Itbis`, `ref`, `IdFactura`) VALUES
(10, 7, 250, 50, 500, 2, '2020-12-21', 0, '', 'FAC121013'),
(11, 8, 13400, 15, 15765, 1, '2020-12-21', 0, '', 'FAC309173'),
(12, 9, 13400, 15, 15765, 1, '2020-12-21', 0, '', 'FAC724549'),
(13, 10, 11800, 15, 13882, 1, '2020-12-21', 0, '', 'FAC792118'),
(14, 11, 8600, 15, 10118, 1, '2020-12-21', 0, '', 'FAC142543'),
(15, 12, 6600, 18, 8049, 1, '2020-12-21', 0, '', 'FAC618038'),
(16, 18, 5600, 20, 7000, 1, '2020-12-21', 0, '', 'FAC837633'),
(17, 19, 8100, 20, 10125, 1, '2020-12-21', 0, '', 'FAC494349'),
(18, 20, 13700, 15, 16118, 1, '2020-12-21', 0, '', 'FAC344802'),
(19, 21, 7400, 20, 9250, 1, '2020-12-21', 0, '', 'FAC626142'),
(20, 26, 2950, 20, 3688, 1, '2020-12-21', 0, '', 'FAC686068'),
(21, 28, 11400, 13, 13029, 1, '2020-12-21', 0, '', 'FAC657560'),
(22, 64, 700, 45, 1273, 2, '2020-12-21', 0, '', 'FAC126135'),
(23, 65, 550, 49, 1078, 1, '2020-12-21', 0, '', 'FAC353147'),
(24, 29, 450, 55, 1000, 1, '2020-12-22', 0, '', 'FAC239579'),
(25, 30, 100, 50, 200, 2, '2020-12-22', 0, '', 'FAC528880'),
(26, 31, 190, 62, 500, 10, '2020-12-22', 0, '', 'FAC163369'),
(27, 32, 400, 50, 800, 2, '2020-12-22', 0, '', 'FAC648469'),
(28, 33, 50, 67, 152, 6, '2020-12-22', 0, '', 'FAC648469'),
(29, 34, 600, 50, 1200, 1, '2020-12-22', 0, '', 'FAC648469'),
(30, 35, 600, 54, 1304, 1, '2020-12-22', 0, '', 'FAC648469'),
(31, 36, 250, 50, 500, 2, '2020-12-22', 0, '', 'FAC648469'),
(32, 168, 600, 50, 1200, 1, '2020-12-22', 0, '', 'FAC846217'),
(33, 41, 150, 60, 375, 10, '2020-12-22', 0, '', 'FAC108747'),
(34, 42, 200, 50, 400, 2, '2020-12-22', 0, '', 'FAC108747'),
(35, 43, 150, 50, 300, 5, '2020-12-22', 0, '', 'FAC108747'),
(36, 44, 50, 50, 100, 3, '2020-12-22', 0, '', 'FAC108747'),
(37, 45, 125, 60, 313, 18, '2020-12-22', 0, '', 'FAC108747'),
(38, 46, 100, 50, 200, 6, '2020-12-22', 0, '', 'FAC108747'),
(39, 47, 100, 50, 200, 13, '2020-12-22', 0, '', 'FAC108747'),
(40, 48, 100, 60, 250, 7, '2020-12-22', 0, '', 'FAC108747'),
(41, 51, 100, 60, 250, 10, '2020-12-22', 0, '', 'FAC108747'),
(42, 52, 100, 55, 222, 10, '2020-12-22', 0, '', 'FAC108747'),
(43, 53, 120, 50, 240, 6, '2020-12-22', 0, '', 'FAC108747'),
(44, 37, 150, 60, 375, 2, '2020-12-22', 0, '', 'FAC108747'),
(45, 39, 75, 57, 174, 13, '2020-12-22', 0, '', 'FAC230047'),
(46, 54, 1080, 50, 2160, 2, '2020-12-22', 0, '', 'FAC230047'),
(47, 55, 790, 50, 1580, 1, '2020-12-22', 0, '', 'FAC230047'),
(48, 56, 600, 60, 1500, 2, '2020-12-22', 0, '', 'FAC230047'),
(49, 57, 850, 50, 1700, 1, '2020-12-22', 0, '', 'FAC230047'),
(50, 58, 650, 60, 1625, 1, '2020-12-22', 0, '', 'FAC230047'),
(51, 59, 950, 63, 2568, 3, '2020-12-22', 0, '', 'FAC827034'),
(52, 60, 1690, 52, 3521, 3, '2020-12-22', 0, '', 'FAC827034'),
(53, 61, 350, 75, 1400, 2, '2020-12-22', 0, '', 'FAC827034'),
(54, 62, 350, 76, 1458, 2, '2020-12-22', 0, '', 'FAC827034'),
(55, 66, 250, 55, 556, 2, '2020-12-22', 0, '', 'FAC827034'),
(56, 67, 350, 54, 761, 2, '2020-12-22', 0, '', 'FAC827034'),
(57, 68, 200, 58, 476, 2, '2020-12-22', 0, '', 'FAC827034'),
(58, 69, 480, 60, 1200, 2, '2020-12-22', 0, '', 'FAC827034'),
(59, 70, 160, 55, 356, 2, '2020-12-22', 0, '', 'FAC827034'),
(60, 115, 150, 50, 300, 0, '2020-12-22', 0, '', 'FAC222421'),
(61, 71, 165, 50, 330, 1, '2020-12-22', 0, '', 'FAC122363'),
(62, 72, 220, 50, 440, 1, '2020-12-22', 0, '', 'FAC122363'),
(63, 73, 95, 74, 365, 1, '2020-12-22', 0, '', 'FAC128941'),
(64, 74, 60, 83, 353, 11, '2020-12-22', 0, '', 'FAC128941'),
(65, 75, 60, 83, 353, 5, '2020-12-22', 0, '', 'FAC128941'),
(66, 76, 60, 83, 353, 5, '2020-12-22', 0, '', 'FAC415067'),
(67, 77, 80, 80, 400, 3, '2020-12-22', 0, '', 'FAC415067'),
(68, 169, 80, 80, 400, 1, '2020-12-22', 0, '', 'FAC118417'),
(69, 78, 80, 80, 400, 1, '2020-12-22', 0, '', 'FAC118417'),
(70, 170, 80, 78, 364, 1, '2020-12-22', 0, '', 'FAC572819'),
(71, 79, 90, 82, 500, 3, '2020-12-22', 0, '', 'FAC572819'),
(72, 80, 90, 80, 450, 6, '2020-12-22', 0, '', 'FAC572819'),
(73, 81, 90, 82, 500, 2, '2020-12-22', 0, '', 'FAC572819'),
(74, 82, 40, 84, 250, 2, '2020-12-22', 0, '', 'FAC572819'),
(75, 83, 90, 80, 450, 10, '2020-12-22', 0, '', 'FAC572819'),
(76, 84, 90, 84, 563, 1, '2020-12-22', 0, '', 'FAC572819'),
(77, 171, 35, 90, 350, 2, '2020-12-22', 0, '', 'FAC483237'),
(78, 85, 95, 75, 380, 3, '2020-12-22', 0, '', 'FAC483237'),
(79, 86, 35, 87, 269, 2, '2020-12-22', 0, '', 'FAC483237'),
(80, 87, 50, 84, 313, 1, '2020-12-22', 0, '', 'FAC483237'),
(81, 172, 95, 74, 365, 2, '2020-12-22', 0, '', 'FAC962754'),
(82, 92, 40, 86, 286, 4, '2020-12-22', 0, '', 'FAC962754'),
(83, 63, 150, 67, 455, 3, '2020-12-22', 0, '', 'FAC989098'),
(84, 173, 165, 53, 351, 2, '2020-12-22', 0, '', 'FAC906107'),
(85, 93, 90, 70, 300, 5, '2020-12-22', 0, '', 'FAC435306'),
(86, 96, 95, 75, 380, 6, '2020-12-22', 0, '', 'FAC435306'),
(87, 97, 95, 75, 380, 1, '2020-12-22', 0, '', 'FAC435306'),
(88, 98, 90, 77, 391, 5, '2020-12-22', 0, '', 'FAC435306'),
(89, 174, 95, 78, 432, 3, '2020-12-22', 0, '', 'FAC149701'),
(90, 99, 85, 77, 370, 2, '2020-12-22', 0, '', 'FAC149701'),
(91, 175, 85, 75, 340, 3, '2020-12-22', 0, '', 'FAC393335'),
(92, 104, 30, 88, 250, 3, '2020-12-22', 0, '', 'FAC393335'),
(93, 105, 40, 80, 200, 6, '2020-12-22', 0, '', 'FAC393335'),
(94, 103, 35, 85, 233, 1, '2020-12-22', 0, '', 'FAC393335'),
(95, 176, 80, 75, 320, 1, '2020-12-22', 0, '', 'FAC846147'),
(96, 177, 40, 86, 286, 1, '2020-12-22', 0, '', 'FAC846147'),
(97, 106, 30, 85, 200, 1, '2020-12-22', 0, '', 'FAC846147'),
(98, 107, 30, 85, 200, 1, '2020-12-22', 0, '', 'FAC846147'),
(99, 108, 30, 85, 200, 1, '2020-12-22', 0, '', 'FAC846147'),
(100, 109, 30, 80, 150, 1, '2020-12-22', 0, '', 'FAC629434'),
(101, 110, 85, 75, 340, 5, '2020-12-22', 0, '', 'FAC629434'),
(102, 111, 35, 90, 350, 5, '2020-12-22', 0, '', 'FAC629434'),
(103, 112, 35, 90, 350, 2, '2020-12-22', 0, '', 'FAC629434'),
(104, 178, 35, 90, 350, 4, '2020-12-22', 0, '', 'FAC371794'),
(105, 113, 35, 87, 269, 2, '2020-12-22', 0, '', 'FAC371794'),
(106, 114, 35, 86, 250, 1, '2020-12-22', 0, '', 'FAC661829'),
(107, 116, 40, 87, 308, 1, '2020-12-22', 0, '', 'FAC661829'),
(108, 117, 50, 85, 333, 3, '2020-12-22', 0, '', 'FAC661829'),
(109, 118, 15, 93, 200, 10, '2020-12-23', 0, '', 'FAC415691'),
(110, 119, 15, 93, 200, 5, '2020-12-23', 0, '', 'FAC415691'),
(111, 120, 15, 93, 200, 5, '2020-12-23', 0, '', 'FAC578259'),
(112, 119, 15, 93, 0, 5, '2020-12-23', 0, '', 'FAC121714'),
(113, 119, 15, 93, 200, 5, '2020-12-23', 0, '', 'FAC121714'),
(114, 121, 15, 93, 200, 5, '2020-12-23', 0, '', 'FAC121714'),
(115, 122, 15, 93, 200, 3, '2020-12-23', 0, '', 'FAC121714'),
(116, 123, 15, 93, 200, 5, '2020-12-23', 0, '', 'FAC856882'),
(117, 124, 15, 93, 200, 4, '2020-12-23', 0, '', 'FAC856882'),
(118, 126, 15, 93, 200, 9, '2020-12-23', 0, '', 'FAC856882'),
(119, 127, 15, 93, 200, 5, '2020-12-23', 0, '', 'FAC197740'),
(120, 130, 15, 93, 200, 5, '2020-12-23', 0, '', 'FAC197740'),
(121, 133, 15, 93, 200, 5, '2020-12-23', 0, '', 'FAC197740'),
(122, 147, 15, 93, 200, 5, '2020-12-23', 0, '', 'FAC197740'),
(123, 154, 15, 93, 200, 5, '2020-12-23', 0, '', 'FAC197740'),
(124, 179, 15, 93, 200, 1, '2020-12-23', 0, '', 'FAC197740'),
(125, 156, 15, 93, 200, 1, '2020-12-23', 0, '', 'FAC197740'),
(126, 139, 15, 93, 200, 5, '2020-12-23', 0, '', 'FAC197740'),
(127, 157, 15, 93, 200, 1, '2020-12-23', 0, '', 'FAC197740'),
(128, 140, 15, 93, 200, 5, '2020-12-23', 0, '', 'FAC576790'),
(129, 134, 15, 93, 200, 3, '2020-12-23', 0, '', 'FAC576790'),
(130, 135, 15, 93, 200, 5, '2020-12-23', 0, '', 'FAC576790'),
(131, 136, 15, 93, 200, 5, '2020-12-23', 0, '', 'FAC576790'),
(132, 141, 15, 93, 200, 5, '2020-12-23', 0, '', 'FAC576790'),
(133, 143, 15, 93, 200, 5, '2020-12-23', 0, '', 'FAC576790'),
(134, 144, 15, 93, 200, 5, '2020-12-23', 0, '', 'FAC576790'),
(135, 146, 15, 93, 200, 5, '2020-12-23', 0, '', 'FAC576790'),
(136, 145, 15, 93, 200, 5, '2020-12-23', 0, '', 'FAC576790'),
(137, 147, 15, 93, 200, 5, '2020-12-23', 0, '', 'FAC576790'),
(138, 163, 15, 93, 200, 3, '2020-12-23', 0, '', 'FAC576790'),
(139, 162, 15, 93, 200, 5, '2020-12-23', 0, '', 'FAC576790'),
(140, 158, 15, 93, 200, 2, '2020-12-23', 0, '', 'FAC576790'),
(141, 134, 15, 93, 200, 3, '2020-12-23', 0, '', 'FAC576790'),
(142, 149, 15, 93, 200, 9, '2020-12-23', 0, '', 'FAC576790'),
(143, 185, 10525, 20, 13156, 996, '2020-12-23', 0, '', 'FAC387663'),
(144, 118, 15, 93, 200, 5, '2020-12-23', 0, '', 'FAC943129'),
(145, 186, 15, 93, 200, 10, '2020-12-23', 0, '', 'FAC943129'),
(146, 81, 15, 93, 200, 5, '2020-12-23', 0, '', 'FAC943129'),
(147, 127, 15, 93, 200, 5, '2020-12-23', 0, '', 'FAC385744'),
(148, 130, 15, 93, 0, 5, '2020-12-23', 0, '', 'FAC385744'),
(149, 190, 15, 93, 200, 5, '2020-12-23', 0, '', 'FAC385744'),
(150, 136, 15, 93, 200, 5, '2020-12-23', 0, '', 'FAC714488'),
(151, 142, 15, 93, 200, 5, '2020-12-23', 0, '', 'FAC714488'),
(152, 191, 15, 93, 200, 5, '2020-12-23', 0, '', 'FAC714488'),
(153, 192, 15, 93, 200, 10, '2020-12-23', 0, '', 'FAC714488'),
(154, 193, 100, 75, 400, 1, '2020-12-23', 0, '', 'FAC714488'),
(155, 195, 100, 75, 400, 1, '2020-12-23', 0, '', 'FAC714488'),
(156, 196, 100, 75, 400, 1, '2020-12-23', 0, '', 'FAC714488'),
(157, 197, 100, 75, 400, 1, '2020-12-23', 0, '', 'FAC714488'),
(158, 198, 100, 75, 400, 2, '2020-12-23', 0, '', 'FAC714488'),
(159, 147, 15, 93, 200, 5, '2020-12-23', 0, '', 'FAC714488'),
(160, 201, 35, 90, 350, 1, '2020-12-23', 0, '', 'FAC899268'),
(161, 183, 35, 90, 350, 3, '2020-12-23', 0, '', 'FAC899268'),
(162, 151, 35, 90, 350, 6, '2020-12-23', 0, '', 'FAC899268'),
(163, 199, 40, 90, 400, 6, '2020-12-23', 0, '', 'FAC899268'),
(164, 200, 35, 90, 350, 2, '2020-12-23', 0, '', 'FAC899268'),
(165, 167, 35, 90, 350, 2, '2020-12-23', 0, '', 'FAC899268'),
(166, 164, 35, 90, 350, 2, '2020-12-23', 0, '', 'FAC899268'),
(167, 184, 35, 90, 350, 1, '2020-12-23', 0, '', 'FAC899268');

-- --------------------------------------------------------

--
-- Estructura de tabla para la tabla `marca`
--

CREATE TABLE `marca` (
  `Id` int(11) NOT NULL,
  `nombre` varchar(50) NOT NULL
) ENGINE=InnoDB DEFAULT CHARSET=utf8mb4;

--
-- Volcado de datos para la tabla `marca`
--

INSERT INTO `marca` (`Id`, `nombre`) VALUES
(1, 'Samsung'),
(2, 'Apple'),
(3, 'Huawei'),
(4, 'Redmi'),
(5, 'ZTE'),
(6, 'LG'),
(7, 'Alcatel'),
(8, 'JBL'),
(9, 'GENERICO'),
(10, 'SONY'),
(11, 'A3'),
(12, 'XIAOMI');

-- --------------------------------------------------------

--
-- Estructura de tabla para la tabla `modelo`
--

CREATE TABLE `modelo` (
  `Id` int(11) NOT NULL,
  `nombre` varchar(20) NOT NULL,
  `marca` int(11) NOT NULL
) ENGINE=InnoDB DEFAULT CHARSET=utf8mb4;

--
-- Volcado de datos para la tabla `modelo`
--

INSERT INTO `modelo` (`Id`, `nombre`, `marca`) VALUES
(1, 'A10', 1),
(2, 'X max', 2),
(3, 'J5 prime', 1),
(4, 'A10E', 1),
(5, 'Note 9', 1),
(6, 'Note 8', 1),
(7, 'S7', 1),
(8, 'S7 Edge', 1),
(9, 'S5', 1),
(10, 'S4', 1),
(11, 'S3', 1),
(12, 'S2', 1),
(13, 'Note 1', 1),
(14, 'Note 3', 1),
(15, 'Note 4', 1),
(16, 'Note 5', 1),
(17, 'Note 6', 1),
(18, 'Note 7', 1),
(19, 'Note 10', 1),
(20, 'S20', 1),
(21, 'S20 plus', 1),
(22, 'S20 Ultra', 1),
(23, 'A11', 1),
(24, 'J6', 1),
(25, 'J7', 1),
(26, 'J7 prime', 1),
(27, 'A20', 1),
(28, 'A31', 1),
(29, 'A51', 1),
(30, 'A71', 1),
(31, 'A70', 1),
(32, 'J5 pro', 1),
(33, 'S10', 1),
(34, 'S10 Plus', 1),
(35, 'S6 Edge', 1),
(36, 'Iphone 4', 2),
(37, 'Iphone 4s', 2),
(38, 'Iphone 5', 2),
(39, 'Iphone 5s', 2),
(40, 'Iphone 6', 2),
(41, 'Iphone 6s', 2),
(42, 'Iphone 7', 2),
(43, 'Iphone 7 Plus', 2),
(44, 'Iphone 8', 2),
(45, 'Iphone 8 Plus', 2),
(46, 'Iphone x', 2),
(47, ' J3 ', 1),
(48, 'J1', 1),
(49, 'Iphone XS', 2),
(50, 'Iphone XS Max', 2),
(51, 'Iphone x max pro', 2),
(52, 'Iphone 11', 2),
(53, 'Iphone 11 pro Max', 2),
(54, 'Iphone 11 pro', 2),
(55, 'Iphone 12', 2),
(56, 'Iphone 12 Pro', 2),
(57, 'Iphone 12 Pro Max', 2),
(58, 'Y9 Prime', 3),
(59, 'Y6 2019', 3),
(60, 'Y7 2019', 3),
(61, 'Red Note 9', 4),
(62, ' note 9S', 3),
(63, 'Note 8 Pro', 3),
(64, 'Nova 2 Plus', 3),
(65, 'P10 Lite', 3),
(66, 'A10S', 1),
(67, 'Redmi Note 8 pro', 4),
(68, 'Redmi Note 9', 4),
(69, 'Redmi Note 9s', 4),
(70, 'L8', 5),
(71, 'A3 2020', 5),
(72, 'A5 2020', 5),
(73, 'Stylo 5', 6),
(74, 'A70S', 1),
(75, 'Redmi note 5', 4),
(76, 'JBL', 8),
(77, 'GENERICO', 9),
(78, 'SONY', 10),
(79, 'J4', 1),
(80, 'A3', 1),
(81, '6S PLUS', 2),
(82, 'NOTE 10 PLUS', 1),
(83, 'S9', 1),
(84, 'S8', 1),
(85, 'J7 MAX', 1),
(86, 'P8 LITE', 3),
(87, 'j8 2018', 1),
(88, 'XR', 2),
(89, '50S', 1),
(90, '31', 1),
(91, 'Y9 2019', 3),
(92, 'HUAWEI P30', 3),
(93, 'RM', 4),
(94, 'RM NOTE PRO', 4),
(95, 'RM NOTE 9S', 4),
(96, 'RM NOTE 9', 4),
(97, 'RM NOTE 8 PRO', 4),
(98, 'RM NOTE8', 4),
(99, 'A30', 1),
(100, 'ZT6400C', 5),
(101, 'Z982', 5),
(102, 'Z981', 5),
(103, 'A21S', 1),
(104, 'ZTE BLADE A640', 5),
(105, 'XIAOMI MI A3', 4),
(106, 'XIAOMI M30', 4),
(107, 'A50', 1);

-- --------------------------------------------------------

--
-- Estructura de tabla para la tabla `producto`
--

CREATE TABLE `producto` (
  `Id` int(11) NOT NULL,
  `nombre` varchar(60) NOT NULL,
  `codigo_suplidor` int(11) NOT NULL,
  `usuario_registro` int(11) NOT NULL,
  `fecha_registro` date NOT NULL,
  `fecha_actualizacion` date NOT NULL,
  `tipo_impuesto` varchar(30) NOT NULL,
  `estado` bit(1) NOT NULL,
  `codigo_categoria` int(11) NOT NULL,
  `referencia_interna` varchar(30) NOT NULL,
  `referencia_suplidor` varchar(30) NOT NULL,
  `foto` varchar(200) NOT NULL,
  `oferta` bit(1) NOT NULL,
  `modificar_precio` bit(1) NOT NULL,
  `acepta_descuento` bit(1) NOT NULL,
  `detalle` varchar(100) NOT NULL,
  `codigo_marca` int(11) NOT NULL,
  `porciento_beneficio` int(11) NOT NULL,
  `porciento_minimo` int(11) NOT NULL,
  `modelo` int(11) NOT NULL,
  `Codigo` varchar(30) NOT NULL,
  `garantia` int(11) NOT NULL DEFAULT '0'
) ENGINE=InnoDB DEFAULT CHARSET=utf8mb4;

--
-- Volcado de datos para la tabla `producto`
--

INSERT INTO `producto` (`Id`, `nombre`, `codigo_suplidor`, `usuario_registro`, `fecha_registro`, `fecha_actualizacion`, `tipo_impuesto`, `estado`, `codigo_categoria`, `referencia_interna`, `referencia_suplidor`, `foto`, `oferta`, `modificar_precio`, `acepta_descuento`, `detalle`, `codigo_marca`, `porciento_beneficio`, `porciento_minimo`, `modelo`, `Codigo`, `garantia`) VALUES
(7, 'HANDFREE IPHONE 7 ', 9, 0, '0000-00-00', '0000-00-00', 'Itbis', b'1', 3, '', '', '', b'1', b'1', b'1', '', 2, 5, 0, 42, 'IP1452545254', 3),
(8, 'Redmi note 9S 128GB', 6, 0, '0000-00-00', '0000-00-00', 'Itbis', b'1', 2, '', '', '', b'1', b'1', b'1', '', 4, 20, 0, 67, '6941059640486', 30),
(9, 'Redmi Note 8 pro 128Gb', 6, 0, '0000-00-00', '0000-00-00', 'Itbis', b'1', 2, '', '', '', b'1', b'1', b'1', '', 4, 20, 0, 69, '6941059633686', 30),
(10, 'HUAWEI Y9 PRIME 128GB', 6, 0, '0000-00-00', '0000-00-00', 'Itbis', b'1', 2, '', '', '', b'0', b'0', b'0', '', 3, 20, 0, 58, '69901443310166', 30),
(11, 'huawei nova  2 plus 128gb', 6, 0, '0000-00-00', '0000-00-00', 'Itbis', b'1', 2, '', '', '', b'1', b'1', b'1', '', 3, 20, 0, 64, '864751033005813', 15),
(12, 'Huawei  P10 lite 64gb', 6, 0, '0000-00-00', '0000-00-00', 'Itbis', b'1', 2, '', '', '', b'1', b'1', b'1', '', 3, 20, 0, 65, '863271035152944', 15),
(18, 'XIOAMI NOTE 5 32GB', 6, 0, '0000-00-00', '0000-00-00', 'Itbis', b'1', 2, '', '', '', b'0', b'0', b'0', '', 4, 20, 0, 75, '868029039394507', 15),
(19, 'SAMSUNG A11 32GB', 6, 0, '0000-00-00', '0000-00-00', 'Itbis', b'1', 2, '', '', '', b'1', b'1', b'1', '', 1, 20, 0, 23, '8806090456534', 30),
(20, 'SAMSUNG A31 128GB', 6, 0, '0000-00-00', '0000-00-00', 'Itbis', b'1', 2, '', '', '', b'1', b'1', b'1', '', 1, 20, 0, 28, '8806090433993', 30),
(21, 'SAMSUNG A10S 32GB', 6, 0, '0000-00-00', '0000-00-00', 'Itbis', b'1', 2, '', '', '', b'1', b'1', b'1', '', 1, 20, 0, 1, '8806090029646', 30),
(22, 'ZTE  BLADE A5 32GB 2020', 6, 0, '0000-00-00', '0000-00-00', 'Itbis', b'1', 2, '', '', '', b'1', b'1', b'1', '', 5, 20, 0, 72, '862820040636175', 30),
(25, 'ZTE BLADE A3 32GB', 6, 0, '0000-00-00', '0000-00-00', 'Itbis', b'1', 2, '', '', '', b'1', b'1', b'1', '', 5, 20, 0, 71, '862820040636175', 15),
(26, 'ZTE BLADE L8 16GB  DUALSIM', 6, 0, '0000-00-00', '0000-00-00', 'Itbis', b'1', 2, '', '', '', b'0', b'0', b'0', '', 5, 20, 0, 70, '862820040636175', 30),
(27, 'ZTE BLADE L8 32GB  DUALSIM', 6, 0, '0000-00-00', '0000-00-00', 'Itbis', b'1', 2, '', '', '', b'0', b'0', b'0', '', 5, 20, 0, 70, '862820040636175', 30),
(28, 'REDMI NOTE 9 64GB', 6, 0, '0000-00-00', '0000-00-00', 'Itbis', b'1', 2, '', '', '', b'0', b'0', b'0', '', 4, 20, 0, 61, '6941059643890', 30),
(29, 'I 12 AIRPORDS', 7, 0, '0000-00-00', '0000-00-00', 'Itbis', b'1', 3, '', '', '', b'1', b'1', b'1', '', 1, 20, 0, 1, 'I123456456', 0),
(30, 'HANDSFREE SAMSUNG', 7, 0, '0000-00-00', '0000-00-00', 'Itbis', b'1', 3, '', '', '', b'0', b'0', b'0', '', 1, 20, 0, 1, 'SA123456455', 0),
(31, 'HANDSFREE IPHONE 6', 7, 0, '0000-00-00', '0000-00-00', 'Itbis', b'1', 3, '', '', '', b'0', b'0', b'0', '', 2, 20, 0, 40, 'IP123456785252', 3),
(32, 'BOCINAS S5 HY49', 7, 0, '0000-00-00', '0000-00-00', 'Itbis', b'1', 3, '', '', '', b'0', b'0', b'0', '', 1, 20, 0, 1, 'BO123456789', 0),
(33, 'HANDSFREE  L58', 7, 0, '0000-00-00', '0000-00-00', 'Itbis', b'1', 3, '', '', '', b'0', b'0', b'0', '', 1, 20, 0, 1, 'L58123456789', 0),
(34, 'BOCINAS XTRERE JBL', 7, 0, '0000-00-00', '0000-00-00', '', b'1', 3, '', '', '', b'1', b'1', b'1', '', 8, 20, 0, 76, 'BO123456789', 0),
(35, 'BOCINA BOOMS BOX MINI  JBL', 7, 0, '0000-00-00', '0000-00-00', 'Itbis', b'1', 3, '', '', '', b'0', b'0', b'0', '', 8, 20, 0, 76, 'BO123456789', 0),
(36, 'BOCINAS SPEAKER MULTIMEDIA', 7, 0, '0000-00-00', '0000-00-00', 'Itbis', b'1', 3, '', '', '', b'0', b'0', b'0', '', 8, 20, 0, 76, 'BO123456789', 0),
(37, 'CARGADOR DE VEHICULAR', 8, 0, '0000-00-00', '0000-00-00', 'Itbis', b'1', 3, '', '', '', b'1', b'1', b'1', '', 9, 20, 0, 77, 'CA123456789', 0),
(38, 'CABLE SAMSUNG  TIPO V8', 8, 0, '0000-00-00', '0000-00-00', 'Itbis', b'1', 3, '', '', '', b'1', b'1', b'1', '', 1, 20, 0, 1, 'CA123456789', 0),
(39, 'CABLE TIPO V8 GENERICO', 8, 0, '0000-00-00', '0000-00-00', 'Itbis', b'1', 3, '', '', '', b'0', b'0', b'0', '', 9, 20, 0, 77, 'CA123456789', 0),
(40, 'CABLE SAMSUNG TIPO C', 8, 0, '0000-00-00', '0000-00-00', '', b'1', 3, '', '', '', b'0', b'0', b'0', '', 1, 20, 0, 1, 'CA123456789', 0),
(41, 'CABLE IPHONE 4G 4S', 7, 0, '0000-00-00', '0000-00-00', 'Itbis', b'1', 3, '', '', '', b'0', b'0', b'0', '', 2, 20, 0, 36, 'CA123456789', 0),
(42, 'CARGADOR HUAWEI TIPO C L14', 7, 0, '0000-00-00', '0000-00-00', 'Itbis', b'1', 3, '', '', '', b'0', b'0', b'0', '', 3, 20, 0, 58, 'CH123456789', 5),
(43, 'FUENTE DE IPHONE X ORIGINAL', 7, 0, '0000-00-00', '0000-00-00', 'Itbis', b'1', 3, '', '', '', b'0', b'0', b'0', '', 2, 20, 0, 46, 'FU123456789', 5),
(44, 'CABLE AUXILIAR L27', 7, 0, '0000-00-00', '0000-00-00', 'Itbis', b'1', 3, '', '', '', b'0', b'0', b'0', '', 9, 20, 0, 77, 'CA123456789', 0),
(45, 'CABLE IPHONE CERTIFICADO', 7, 0, '0000-00-00', '0000-00-00', '', b'1', 3, '', '', '', b'0', b'0', b'0', '', 2, 20, 0, 40, 'CA123456789', 0),
(46, 'CABLE TIPO C S10 L12', 7, 0, '0000-00-00', '0000-00-00', 'Itbis', b'1', 3, '', '', '', b'0', b'0', b'0', '', 9, 20, 0, 77, 'CA123456789', 0),
(47, 'CABLE S6 ORIGINAL ', 7, 0, '0000-00-00', '0000-00-00', 'Itbis', b'1', 3, '', '', '', b'0', b'0', b'0', '', 9, 20, 0, 77, 'CA123456789', 0),
(48, 'FUENTE DE SAMSUNG L57', 7, 0, '0000-00-00', '0000-00-00', 'Itbis', b'1', 3, '', '', '', b'0', b'0', b'0', '', 1, 20, 0, 1, 'FU123456789', 0),
(51, 'FUENTE DE IPHONE ESPECIAL', 7, 0, '0000-00-00', '0000-00-00', 'Itbis', b'1', 3, '', '', '', b'0', b'0', b'0', '', 2, 20, 0, 40, 'FU123456789', 0),
(52, 'FUENTE LG L9 NEGRA', 7, 0, '0000-00-00', '0000-00-00', 'Itbis', b'1', 3, '', '', '', b'0', b'0', b'0', '', 9, 20, 0, 77, 'FU123456789', 0),
(53, 'FUENTE AMAZON CUADRADA R32', 7, 0, '0000-00-00', '0000-00-00', '', b'1', 3, '', '', '', b'0', b'0', b'0', '', 9, 20, 0, 77, 'FU123456789', 0),
(54, 'SAMSUNG BUDS ', 8, 0, '0000-00-00', '0000-00-00', 'Itbis', b'1', 3, '', '', '', b'0', b'0', b'0', '', 1, 20, 0, 1, 'SA123456789', 0),
(55, 'TRUE WIRELESS STEREO JBL TUNE 15', 8, 0, '0000-00-00', '0000-00-00', '', b'1', 3, '', '', '', b'1', b'1', b'1', '', 8, 20, 0, 76, '6995180729893', 0),
(56, 'TRUE WIRELESS STEREO JBL TUNE 3', 8, 0, '0000-00-00', '0000-00-00', 'Itbis', b'1', 3, '', '', '', b'0', b'0', b'0', '', 8, 20, 0, 76, '6995180729893', 0),
(57, 'EARBUDS SONY', 8, 0, '0000-00-00', '0000-00-00', 'Itbis', b'1', 3, '', '', '', b'0', b'0', b'0', '', 10, 20, 0, 78, '8056449727126', 0),
(58, 'BEATSSOLO PRO WIRELESS', 8, 0, '0000-00-00', '0000-00-00', 'Itbis', b'1', 3, '', '', '', b'0', b'0', b'0', '', 9, 20, 0, 77, 'BE123456789', 0),
(59, 'AIRPODS', 8, 0, '0000-00-00', '0000-00-00', 'Itbis', b'1', 3, '', '', '', b'0', b'0', b'0', '', 2, 20, 0, 2, '190198764720', 0),
(60, 'SMART WATCH', 8, 0, '0000-00-00', '0000-00-00', 'Itbis', b'1', 3, '', '', '', b'0', b'0', b'0', '', 9, 20, 0, 77, 'SM123456789', 0),
(61, 'XB380BT SPORTS JBL', 8, 0, '0000-00-00', '0000-00-00', 'Itbis', b'1', 3, '', '', '', b'0', b'0', b'0', '', 8, 20, 0, 76, '2016543123807', 0),
(62, 'XB340BT WIRELESS JBL', 8, 0, '0000-00-00', '0000-00-00', 'Itbis', b'1', 3, '', '', '', b'0', b'0', b'0', '', 8, 20, 0, 76, '2016543123401', 0),
(63, 'SUPER BASS EARPHONE', 6, 0, '0000-00-00', '0000-00-00', 'Itbis', b'1', 3, '', '', '', b'0', b'0', b'0', '', 9, 20, 0, 77, '6970280946814', 0),
(64, 'IPRO A25', 10, 0, '0000-00-00', '0000-00-00', 'Itbis', b'1', 2, '', '', '', b'0', b'0', b'0', '', 9, 20, 0, 77, '355310111606558', 0),
(65, 'IPRO A21 MINI', 10, 0, '0000-00-00', '0000-00-00', 'Itbis', b'1', 2, '', '', '', b'0', b'0', b'0', '', 9, 20, 0, 77, '351528115288800', 0),
(66, 'MICRO SD 16GB', 8, 0, '0000-00-00', '0000-00-00', 'Itbis', b'1', 3, '', '', '', b'0', b'0', b'0', '', 9, 20, 0, 77, 'MI123456789', 0),
(67, 'MICRO SD 32GB', 8, 0, '0000-00-00', '0000-00-00', 'Itbis', b'1', 3, '', '', '', b'0', b'0', b'0', '', 9, 20, 0, 77, 'MI123456789', 0),
(68, 'MICRO SD 8GB', 8, 0, '0000-00-00', '0000-00-00', 'Itbis', b'1', 3, '', '', '', b'0', b'0', b'0', '', 9, 20, 0, 77, 'MI123456789', 0),
(69, 'MICRO SD 64GB', 8, 0, '0000-00-00', '0000-00-00', 'Itbis', b'1', 3, '', '', '', b'0', b'0', b'0', '', 9, 20, 0, 77, 'MI123456789', 0),
(70, 'USB 3.0 FLASH DRIVE 8G', 8, 0, '0000-00-00', '0000-00-00', 'Itbis', b'1', 3, '', '', '', b'1', b'1', b'1', '', 9, 20, 0, 77, 'US123456789', 0),
(71, 'FOLDING DESKTOP PHONE STND', 8, 0, '0000-00-00', '0000-00-00', 'Itbis', b'1', 3, '', '', '', b'0', b'0', b'0', '', 9, 20, 0, 77, '8458861682767', 0),
(72, 'TRIPOD SUPPORT', 8, 0, '0000-00-00', '0000-00-00', 'Itbis', b'1', 3, '', '', '', b'0', b'0', b'0', '', 9, 10, 0, 77, 'TR123456789', 0),
(73, 'FORRO PARA SAMSUNG J4', 9, 0, '0000-00-00', '0000-00-00', 'Itbis', b'1', 3, '', '', '', b'1', b'1', b'1', '', 1, 20, 0, 79, '6977012350369', 0),
(74, 'FORRO PARA SAMSUNG A10', 9, 0, '0000-00-00', '0000-00-00', 'Itbis', b'1', 3, '', '', '', b'0', b'0', b'0', '', 1, 0, 0, 1, '6988188700292', 0),
(75, 'FORRO PARA SAMSUNG A11', 9, 0, '0000-00-00', '0000-00-00', '', b'1', 3, '', '', '', b'0', b'0', b'0', '', 1, 0, 0, 23, '6988188700292', 0),
(76, 'FORRO PARA SAMSUNG A31', 9, 0, '0000-00-00', '0000-00-00', '', b'1', 3, '', '', '', b'0', b'0', b'0', '', 1, 0, 0, 28, '6988188700292', 0),
(77, 'FORRO PARA SAMSUNG A70S', 9, 0, '0000-00-00', '0000-00-00', 'Itbis', b'1', 3, '', '', '', b'0', b'0', b'0', '', 1, 0, 0, 31, 'FR1234567', 0),
(78, 'FORRO PARA SAMSUNG A51', 9, 0, '0000-00-00', '0000-00-00', 'Itbis', b'1', 3, '', '', '', b'0', b'0', b'0', '', 1, 0, 0, 29, '6988188700292', 0),
(79, 'FORRO PARA IPHONE 11PRO', 9, 0, '0000-00-00', '0000-00-00', 'Itbis', b'1', 3, '', '', '', b'0', b'0', b'0', '', 2, 0, 0, 54, '2A60202139', 0),
(80, 'FORRO PARA IPHONE X/XS', 9, 0, '0000-00-00', '0000-00-00', '', b'1', 3, '', '', '', b'0', b'0', b'0', '', 2, 0, 0, 49, '2A600202139AC', 0),
(81, 'FORRO PARA XS MAX', 9, 0, '0000-00-00', '0000-00-00', 'Itbis', b'1', 3, '', '', '', b'0', b'0', b'0', '', 2, 0, 0, 50, '73673821', 0),
(82, 'FORRO PARA IPHONE 11', 9, 0, '0000-00-00', '0000-00-00', 'Itbis', b'1', 3, '', '', '', b'0', b'0', b'0', '', 2, 0, 0, 52, '6922564614566', 0),
(83, 'FORRO PARA IPHONE 7/8PLUS', 9, 0, '0000-00-00', '0000-00-00', 'Itbis', b'1', 3, '', '', '', b'0', b'0', b'0', '', 2, 0, 0, 43, '2A60202139AC', 0),
(84, 'FORRO PARA IPHONE 11 PRO MAX ', 9, 0, '0000-00-00', '0000-00-00', 'Itbis', b'1', 3, '', '', '', b'0', b'0', b'0', '', 2, 0, 0, 53, '73673821', 0),
(85, 'FORRO PARA IPHONE 6S PLUS', 9, 0, '0000-00-00', '0000-00-00', 'Itbis', b'1', 3, '', '', '', b'0', b'0', b'0', '', 2, 0, 0, 81, 'FR1234567', 0),
(86, 'FORRO PARA IPHONE 7G', 9, 0, '0000-00-00', '0000-00-00', '', b'1', 3, '', '', '', b'0', b'0', b'0', '', 2, 0, 0, 42, 'FR1234567', 0),
(87, 'FORRO PARA IPHONE 8G', 9, 0, '0000-00-00', '0000-00-00', 'Itbis', b'1', 3, '', '', '', b'0', b'0', b'0', '', 2, 0, 0, 44, 'FR1234567', 0),
(92, 'FORRO PARA SAMSUNG A10E', 9, 0, '0000-00-00', '0000-00-00', 'Itbis', b'1', 3, '', '', '', b'1', b'1', b'1', '', 1, 0, 0, 4, '6922564614566', 0),
(93, 'FORRO PARA SAMSUNG NOTE 9', 9, 0, '0000-00-00', '0000-00-00', 'Itbis', b'1', 3, '', '', '', b'0', b'0', b'0', '', 1, 0, 0, 5, '6922564614566', 0),
(96, 'FORRO PARA SAMSUNG NOTE 10', 9, 0, '0000-00-00', '0000-00-00', 'Itbis', b'1', 3, '', '', '', b'0', b'0', b'0', '', 1, 0, 0, 19, '692256614566', 0),
(97, 'FORRO PARA SAMSUNG NOTE 1O PLUS', 9, 0, '0000-00-00', '0000-00-00', 'Itbis', b'1', 3, '', '', '', b'0', b'0', b'0', '', 1, 0, 0, 82, '6922564614566', 0),
(98, 'FORRO PARA SAMSUNG S10', 9, 0, '0000-00-00', '0000-00-00', 'Itbis', b'1', 3, '', '', '', b'0', b'0', b'0', '', 1, 0, 0, 33, '697701230369', 0),
(99, 'FORRO PARA SAMSUNG S9', 9, 0, '0000-00-00', '0000-00-00', 'Itbis', b'1', 3, '', '', '', b'0', b'0', b'0', '', 1, 0, 0, 83, '697701230369', 0),
(100, 'FORRO PARA SAMSUNG S8', 9, 0, '0000-00-00', '0000-00-00', 'Itbis', b'1', 3, '', '', '', b'0', b'0', b'0', '', 1, 0, 0, 84, 'FR1234567', 0),
(103, 'FORRO PARA SAMSUNG J7 J700', 9, 0, '0000-00-00', '0000-00-00', 'Itbis', b'1', 3, '', '', '', b'0', b'0', b'0', '', 1, 0, 0, 25, 'FR1234567', 0),
(104, 'FORRO PARA SAMSUNG J7 MAX', 9, 0, '0000-00-00', '0000-00-00', 'Itbis', b'1', 3, '', '', '', b'0', b'0', b'0', '', 1, 0, 0, 85, 'FR1234567', 0),
(105, 'FORRO PARA SAMSUNG J6', 9, 0, '0000-00-00', '0000-00-00', 'Itbis', b'1', 3, '', '', '', b'0', b'0', b'0', '', 1, 0, 0, 24, '6922564614566', 0),
(106, 'FORRO PARA SAMSUNG J5 PRIME', 9, 0, '0000-00-00', '0000-00-00', 'Itbis', b'1', 3, '', '', '', b'0', b'0', b'0', '', 1, 0, 0, 3, 'FR1234567', 0),
(107, 'FORRO PARA SAMSUNG J5 PRO', 9, 0, '0000-00-00', '0000-00-00', 'Itbis', b'1', 3, '', '', '', b'0', b'0', b'0', '', 1, 0, 0, 32, 'FR1234567', 0),
(108, 'FORRO PARA SAMSUNG J3  J320', 9, 0, '0000-00-00', '0000-00-00', 'Itbis', b'1', 3, '', '', '', b'1', b'1', b'1', '', 1, 0, 0, 47, '6977012350369', 0),
(109, 'FORRO PARA SAMSUNG J1', 9, 0, '0000-00-00', '0000-00-00', 'Itbis', b'1', 3, '', '', '', b'0', b'0', b'0', '', 1, 0, 0, 48, 'FR1234567', 0),
(110, 'FORRO PARA LG STTUS5', 9, 0, '0000-00-00', '0000-00-00', 'Itbis', b'1', 3, '', '', '', b'0', b'0', b'0', '', 6, 0, 0, 73, '6988188700292', 0),
(111, 'FORRO PARA HUAWEI Y6 2019', 9, 0, '0000-00-00', '0000-00-00', 'Itbis', b'1', 3, '', '', '', b'0', b'0', b'0', '', 3, 0, 0, 59, '6988188700292', 0),
(112, 'FORRO PARA HUAWEI  Y9 PRIME 2019', 9, 0, '0000-00-00', '0000-00-00', 'Itbis', b'1', 3, '', '', '', b'1', b'1', b'1', '', 3, 0, 0, 58, '6988188700292', 0),
(113, 'FORRO PARA HUAWEI P10 LITE', 9, 0, '0000-00-00', '0000-00-00', 'Itbis', b'1', 3, '', '', '', b'0', b'0', b'0', '', 3, 0, 0, 65, 'FR1234567', 0),
(114, 'FORRO PARA HUAWEI P8 LITE', 9, 0, '0000-00-00', '0000-00-00', 'Itbis', b'1', 3, '', '', '', b'0', b'0', b'0', '', 3, 0, 0, 86, 'FR1234567', 0),
(115, 'FORRO PARA HUAWEI Y7 2019', 9, 0, '0000-00-00', '0000-00-00', 'Itbis', b'1', 3, '', '', '', b'0', b'0', b'0', '', 3, 0, 0, 60, 'FR1234567678', 0),
(116, 'FORRO PARA SAMSUNG S7', 9, 0, '0000-00-00', '0000-00-00', 'Itbis', b'1', 3, '', '', '', b'0', b'0', b'0', '', 1, 0, 0, 7, 'FFR1234567', 0),
(117, 'FORRO PARA SAMSUNG J8 2018', 9, 0, '0000-00-00', '0000-00-00', 'Itbis', b'1', 3, '', '', '', b'0', b'0', b'0', '', 1, 0, 0, 87, 'sl12344567', 0),
(118, 'PROTECTOR PARA 11 PRO', 9, 0, '0000-00-00', '0000-00-00', 'Itbis', b'1', 3, '', '', '', b'0', b'0', b'0', '', 2, 0, 0, 54, 'PR1234567', 0),
(119, 'PROTECTOR PARA IPHONE X', 9, 0, '0000-00-00', '0000-00-00', 'Itbis', b'1', 3, '', '', '', b'0', b'0', b'0', '', 2, 0, 0, 46, 'PR1234567', 0),
(120, 'PROTECTOR PARA IPHONE XR', 9, 0, '0000-00-00', '0000-00-00', 'Itbis', b'1', 3, '', '', '', b'0', b'0', b'0', '', 2, 0, 0, 88, 'PR1234567', 0),
(121, 'PROTECTOR PARA IPHONE 8PLUS', 9, 0, '0000-00-00', '0000-00-00', 'Itbis', b'1', 3, '', '', '', b'0', b'0', b'0', '', 2, 0, 0, 45, 'PR1234567', 0),
(122, 'PROTECTOR PARA IPHONE 7PLUS', 9, 0, '0000-00-00', '0000-00-00', 'Itbis', b'1', 3, '', '', '', b'0', b'0', b'0', '', 2, 0, 0, 43, 'PR1234567', 0),
(123, 'PROTECTOR PARA IPHONE 6SPLUS', 9, 0, '0000-00-00', '0000-00-00', 'Itbis', b'1', 3, '', '', '', b'0', b'0', b'0', '', 2, 0, 0, 81, 'PR1234567', 0),
(124, 'PROTECTOR PARA IPHONE 6G', 9, 0, '0000-00-00', '0000-00-00', 'Itbis', b'1', 3, '', '', '', b'0', b'0', b'0', '', 2, 0, 0, 40, 'PR1234567', 0),
(125, 'PROTECTOR PARA IPHONE XS', 9, 0, '0000-00-00', '0000-00-00', 'Itbis', b'1', 3, '', '', '', b'0', b'0', b'0', '', 2, 0, 0, 49, 'PR1234567', 0),
(126, 'PROTECTOR PARA SAMSUNG NOTE 5', 9, 0, '0000-00-00', '0000-00-00', 'Itbis', b'1', 3, '', '', '', b'0', b'0', b'0', '', 1, 0, 0, 16, 'PR1234567', 0),
(127, 'PROTECTOR PARA SAMSUNG NOTE4', 9, 0, '0000-00-00', '0000-00-00', 'Itbis', b'1', 3, '', '', '', b'0', b'0', b'0', '', 1, 0, 0, 15, 'PR1234567', 0),
(130, 'PROTECTOR PARA SAMSUNG NOTE3', 9, 0, '0000-00-00', '0000-00-00', 'Itbis', b'1', 3, '', '', '', b'0', b'0', b'0', '', 1, 0, 0, 14, 'PR1234567', 0),
(133, 'PROTECTOR PARA A20SAMSUNG ', 9, 0, '0000-00-00', '0000-00-00', 'Itbis', b'1', 3, '', '', '', b'0', b'0', b'0', '', 1, 0, 0, 27, 'PR1234567', 0),
(134, 'PROTECTOR PARA A20SAMSUNG A50S', 9, 0, '0000-00-00', '0000-00-00', 'Itbis', b'1', 3, '', '', '', b'0', b'0', b'0', '', 1, 0, 0, 89, 'PR1234567', 0),
(135, 'PROTECTOR PARA A20SAMSUNG A31', 9, 0, '0000-00-00', '0000-00-00', 'Itbis', b'1', 3, '', '', '', b'0', b'0', b'0', '', 1, 0, 0, 90, 'PR1234567', 0),
(136, 'PROTECTOR PARA A20SAMSUNG A10S', 9, 0, '0000-00-00', '0000-00-00', 'Itbis', b'1', 3, '', '', '', b'1', b'1', b'1', '', 1, 0, 0, 66, 'PR1234567', 0),
(139, 'PROTECTOR PARA A20SAMSUNG A11', 9, 0, '0000-00-00', '0000-00-00', 'Itbis', b'1', 3, '', '', '', b'0', b'0', b'0', '', 1, 0, 0, 23, 'PR1234567', 0),
(140, 'PROTECTOR PARA HUAWEI Y9 2019', 9, 0, '0000-00-00', '0000-00-00', 'Itbis', b'1', 3, '', '', '', b'0', b'0', b'0', '', 3, 0, 0, 91, 'PR1234567', 0),
(141, 'PROTECTOR PARA HUAWEI Y6 2019', 9, 0, '0000-00-00', '0000-00-00', 'Itbis', b'1', 3, '', '', '', b'0', b'0', b'0', '', 3, 0, 0, 59, 'PR1234567', 0),
(142, 'PROTECTOR PARA HUAWEI P30', 9, 0, '0000-00-00', '0000-00-00', 'Itbis', b'1', 3, '', '', '', b'0', b'0', b'0', '', 3, 0, 0, 92, 'PR1234567', 0),
(143, 'PROTECTOR PARA REDMI NOTE 8PRO', 9, 0, '0000-00-00', '0000-00-00', 'Itbis', b'1', 3, '', '', '', b'0', b'0', b'0', '', 4, 0, 0, 67, 'PR1234567', 0),
(144, 'PROTECTOR PARA REDMI NOTE 9S', 9, 0, '0000-00-00', '0000-00-00', 'Itbis', b'1', 3, '', '', '', b'0', b'0', b'0', '', 4, 0, 0, 69, 'PR1234567', 0),
(145, 'PROTECTOR PARA REDMI NOTE 9', 9, 0, '0000-00-00', '0000-00-00', 'Itbis', b'1', 3, '', '', '', b'0', b'0', b'0', '', 4, 0, 0, 68, 'PR1234567', 0),
(146, 'PROTECTOR PARA REDMI NOTE 8', 9, 0, '0000-00-00', '0000-00-00', 'Itbis', b'1', 3, '', '', '', b'0', b'0', b'0', '', 4, 0, 0, 98, 'PR1234567', 0),
(147, 'PROTECTOR PARA LG STYLO5', 9, 0, '0000-00-00', '0000-00-00', 'Itbis', b'1', 3, '', '', '', b'1', b'1', b'1', '', 6, 0, 0, 73, 'PR1234567', 0),
(148, 'FORRO PARA SAMSUNG A30', 9, 0, '0000-00-00', '0000-00-00', 'Itbis', b'1', 3, '', '', '', b'0', b'0', b'0', '', 1, 0, 0, 99, 'FR123456', 0),
(149, 'PROTECTOR PARA SAMSUNG J7 PRIME', 9, 0, '0000-00-00', '0000-00-00', 'Itbis', b'1', 3, '', '', '', b'0', b'0', b'0', '', 1, 0, 0, 26, 'FR1234567', 0),
(150, 'PROTECTOR PARA SAMSUNG NOTE 10', 9, 0, '0000-00-00', '0000-00-00', '', b'1', 3, '', '', '', b'0', b'0', b'0', '', 1, 0, 0, 19, 'PR1234567', 0),
(151, 'FORRO PARA Z6400', 9, 0, '0000-00-00', '0000-00-00', 'Itbis', b'1', 3, '', '', '', b'0', b'0', b'0', '', 5, 0, 0, 100, '698818870092', 0),
(152, 'FORRO PARA IPHONE  IPXSMAX', 9, 0, '0000-00-00', '0000-00-00', 'Itbis', b'1', 3, '', '', '', b'0', b'0', b'0', '', 2, 0, 0, 50, 'FR1234567', 0),
(153, 'FORRO PARA IPHONE XS', 9, 0, '0000-00-00', '0000-00-00', 'Itbis', b'1', 3, '', '', '', b'0', b'0', b'0', '', 2, 0, 0, 49, 'FR1234567', 0),
(154, 'FORRO PARA HUAWEI P30 PRO', 9, 0, '0000-00-00', '0000-00-00', 'Itbis', b'1', 3, '', '', '', b'0', b'0', b'0', '', 3, 0, 0, 92, 'FR1234567', 0),
(155, 'PROTECTOR PARA SAMSUNG S8', 9, 0, '0000-00-00', '0000-00-00', 'Itbis', b'1', 3, '', '', '', b'0', b'0', b'0', '', 1, 0, 0, 84, 'PR12234567', 0),
(156, 'PROTECTOR PARA SAMSUNG NOTE 9', 9, 0, '0000-00-00', '0000-00-00', 'Itbis', b'1', 3, '', '', '', b'0', b'0', b'0', '', 1, 0, 0, 5, 'PR1234567', 0),
(157, 'PROTECTOR PARA REDMI S8', 9, 0, '0000-00-00', '0000-00-00', 'Itbis', b'1', 3, '', '', '', b'0', b'0', b'0', '', 1, 0, 0, 84, 'PR1234567', 0),
(158, 'PROTECTOR PARA SAMSUNG S7', 9, 0, '0000-00-00', '0000-00-00', 'Itbis', b'1', 3, '', '', '', b'0', b'0', b'0', '', 1, 0, 0, 7, 'PR1234567', 0),
(161, 'PROTECTOR PARA SAMSUNG  NOTE 9', 9, 0, '0000-00-00', '0000-00-00', 'Itbis', b'1', 3, '', '', '', b'0', b'0', b'0', '', 1, 0, 0, 5, 'PR1234567', 0),
(162, 'PROTECTOR PARA ZTE 982', 9, 0, '0000-00-00', '0000-00-00', 'Itbis', b'1', 3, '', '', '', b'0', b'0', b'0', '', 5, 0, 0, 101, 'PR1234567', 0),
(163, 'PROTECTOR PARA ZTE981', 9, 0, '0000-00-00', '0000-00-00', 'Itbis', b'1', 3, '', '', '', b'0', b'0', b'0', '', 5, 0, 0, 102, 'PR1234567', 0),
(164, 'FORRO PARA SAMSUNG A21S', 9, 0, '0000-00-00', '0000-00-00', 'Itbis', b'1', 3, '', '', '', b'0', b'0', b'0', '', 1, 0, 0, 103, 'FR7367381', 0),
(165, 'COVER PARA ZTE BLADE A640', 9, 0, '0000-00-00', '0000-00-00', 'Itbis', b'1', 3, '', '', '', b'0', b'0', b'0', '', 5, 20, 0, 104, 'CO123456789', 0),
(166, 'FORRO PARA XIAOMI MI A3', 9, 0, '0000-00-00', '0000-00-00', '', b'1', 3, '', '', '', b'0', b'0', b'0', '', 4, 0, 0, 105, 'FR1234567', 0),
(167, 'FORRO PARA XIAOMI MI A30', 9, 0, '0000-00-00', '0000-00-00', 'Itbis', b'1', 3, '', '', '', b'0', b'0', b'0', '', 4, 0, 0, 106, 'FR1234567', 0),
(168, 'PORTABLE WIRELESS SPEAKER', 7, 0, '0000-00-00', '0000-00-00', '', b'1', 3, '', '', '', b'0', b'0', b'0', '', 8, 20, 0, 76, 'PO123456789', 0),
(169, 'FORRO PARA SAMSUNG A70', 9, 0, '0000-00-00', '0000-00-00', 'Itbis', b'1', 3, '', '', '', b'1', b'1', b'1', '', 1, 20, 0, 31, '6977012350369', 0),
(170, 'FORRO PARA SAMSUNG A50/30S/50S', 9, 0, '0000-00-00', '0000-00-00', 'Itbis', b'1', 3, '', '', '', b'0', b'0', b'0', '', 1, 20, 0, 107, '6977012350369', 0),
(171, 'FORRO PARA IPHONE 11 ECEQE', 9, 0, '0000-00-00', '0000-00-00', 'Itbis', b'1', 3, '', '', '', b'0', b'0', b'0', '', 2, 20, 0, 53, 'FO123456789', 0),
(172, 'FORRO PARA IPHONE 6G 4.7', 9, 0, '0000-00-00', '0000-00-00', 'Itbis', b'1', 3, '', '', '', b'0', b'0', b'0', '', 2, 20, 0, 40, '73673821', 0),
(173, 'CONVERTIDOR DE IPHNE 7 A 6', 10, 0, '0000-00-00', '0000-00-00', '', b'1', 3, '', '', '', b'0', b'0', b'0', '', 2, 0, 0, 42, 'CO123456789', 0),
(174, 'FORRO PARA SAMSUNG S10 PLUS', 9, 0, '0000-00-00', '0000-00-00', 'Itbis', b'1', 3, '', '', '', b'0', b'0', b'0', '', 1, 20, 0, 34, 'FO123456789', 0),
(175, 'FORRO PARA SAMSUNG S8 PLUS', 9, 0, '0000-00-00', '0000-00-00', 'Itbis', b'1', 3, '', '', '', b'0', b'0', b'0', '', 1, 15, 0, 84, 'FO123456789', 0),
(176, 'COVER SAMSUNG J6 CLASSIC CASE', 9, 0, '0000-00-00', '0000-00-00', 'Itbis', b'1', 3, '', '', '', b'0', b'0', b'0', '', 1, 15, 0, 24, 'FO123456789', 0),
(177, 'FORRO PARA SAMSUNG J6 PLUS', 9, 0, '0000-00-00', '0000-00-00', 'Itbis', b'1', 3, '', '', '', b'0', b'0', b'0', '', 1, 20, 0, 24, 'FO123456789', 0),
(178, 'FORRO PARA  HUAWEI Y9 2018', 9, 0, '0000-00-00', '0000-00-00', '', b'1', 3, '', '', '', b'0', b'0', b'0', '', 3, 20, 0, 58, 'FO123456789', 0),
(179, 'Forro para samsung S10 Edge', 9, 0, '0000-00-00', '0000-00-00', 'Itbis', b'1', 3, '', '', '', b'0', b'0', b'0', '', 1, 20, 0, 1, '6977012350369', 0),
(180, 'FORRO PARA SAMSUNG A20/A30', 9, 0, '0000-00-00', '0000-00-00', 'Itbis', b'1', 3, '', '', '', b'0', b'0', b'0', '', 1, 0, 0, 1, 'FO123456789', 0),
(181, 'FORRO PARA SAMSUNG M10S', 9, 0, '0000-00-00', '0000-00-00', 'Itbis', b'1', 3, '', '', '', b'0', b'0', b'0', '', 1, 15, 0, 1, 'FO123456789', 0),
(182, 'FORRO PARA SAMSUNG M30', 9, 0, '0000-00-00', '0000-00-00', 'Itbis', b'1', 3, '', '', '', b'0', b'0', b'0', '', 1, 20, 0, 1, 'FO123456789', 0),
(183, 'FORRO PARA HUAWEI P20 ', 9, 0, '0000-00-00', '0000-00-00', 'Itbis', b'1', 3, '', '', '', b'1', b'1', b'1', '', 3, 10, 0, 58, '6922564614566', 0),
(184, 'FORRO PARA ZTE A460', 9, 0, '0000-00-00', '0000-00-00', 'Itbis', b'1', 3, '', '', '', b'0', b'0', b'0', '', 5, 20, 0, 100, 'FO123456789', 0),
(185, 'Pruebame', 10, 0, '0000-00-00', '0000-00-00', 'Itbis', b'1', 3, '', '', '', b'0', b'0', b'0', '', 9, 20, 0, 77, 'PR123456789', 30),
(186, 'PROTECTOR PARA IPHONE 7G/8G', 9, 0, '0000-00-00', '0000-00-00', 'Itbis', b'1', 3, '', '', '', b'0', b'0', b'0', '', 2, 20, 0, 42, 'PO123456789', 0),
(187, 'PROTECTOR PARA IPHONE XSMAX', 9, 0, '0000-00-00', '0000-00-00', 'Itbis', b'1', 3, '', '', '', b'0', b'0', b'0', '', 2, 20, 0, 50, 'PO123456789', 0),
(188, 'PROTECTOR PARA SAMSUNG S5', 9, 0, '0000-00-00', '0000-00-00', 'Itbis', b'1', 3, '', '', '', b'0', b'0', b'0', '', 1, 20, 0, 9, 'PO123456789', 0),
(189, 'TEMPLADO DE SAMSUNG S9 PLUS BLACK', 9, 0, '0000-00-00', '0000-00-00', '', b'1', 3, '', '', '', b'0', b'0', b'0', '', 1, 20, 0, 83, 'PO123456789', 0),
(190, 'TEMPLADO SAMSUNG A30S', 9, 0, '0000-00-00', '0000-00-00', 'Itbis', b'1', 3, '', '', '', b'0', b'0', b'0', '', 1, 20, 0, 1, 'PO123456789', 0),
(191, 'TEMPLADO SAMSUNG A10E', 9, 0, '0000-00-00', '0000-00-00', 'Itbis', b'1', 3, '', '', '', b'0', b'0', b'0', '', 1, 20, 0, 1, 'PO123456789', 0),
(192, 'TEMPLADO SAMSUNG A10', 9, 0, '0000-00-00', '0000-00-00', 'Itbis', b'1', 3, '', '', '', b'0', b'0', b'0', '', 1, 20, 0, 1, 'PO123456789', 0),
(193, 'TEMPLADO SAMSUNG S10', 9, 0, '0000-00-00', '0000-00-00', 'Itbis', b'1', 3, '', '', '', b'0', b'0', b'0', '', 1, 20, 0, 1, 'PO123456789', 0),
(194, 'TEMPLADO SAMSUNG S9 CLEAR', 9, 0, '0000-00-00', '0000-00-00', 'Itbis', b'1', 3, '', '', '', b'0', b'0', b'0', '', 1, 30, 0, 5, 'PO123456789', 0),
(195, 'TEMPLADO SAMSUNG NOTE 9 CLEAR', 9, 0, '0000-00-00', '0000-00-00', '', b'1', 3, '', '', '', b'0', b'0', b'0', '', 1, 20, 0, 5, 'PO123456789', 0),
(196, 'TEMPLADO SAMSUNG S7 EDGE CLEAR', 9, 0, '0000-00-00', '0000-00-00', 'Itbis', b'1', 3, '', '', '', b'0', b'0', b'0', '', 1, 20, 0, 8, 'PO123456789', 0),
(197, 'TEMPLADO SAMSUNG S8 BLACK COMPLETE', 9, 0, '0000-00-00', '0000-00-00', '', b'1', 3, '', '', '', b'0', b'0', b'0', '', 1, 0, 0, 1, 'PO123456789', 0),
(198, 'TEMPLADO SAMSUNG NOTE 10 COMPLETE', 9, 0, '0000-00-00', '0000-00-00', '', b'1', 3, '', '', '', b'0', b'0', b'0', '', 1, 0, 0, 82, 'PO123456789', 0),
(199, 'COVER PRA SAMSUNG S20 ULTRE ', 9, 0, '0000-00-00', '0000-00-00', 'Itbis', b'1', 3, '', '', '', b'0', b'0', b'0', '', 1, 20, 0, 20, 'FO123456789', 0),
(200, 'COVER IPHONE XS 5.8', 9, 0, '0000-00-00', '0000-00-00', '', b'1', 3, '', '', '', b'0', b'0', b'0', '', 2, 20, 0, 49, 'FO123456789', 0),
(201, 'COVER PARA HUAWEI P20 PRO', 9, 0, '0000-00-00', '0000-00-00', 'Itbis', b'1', 3, '', '', '', b'0', b'0', b'0', '', 3, 20, 0, 58, 'FO123456789', 0);

-- --------------------------------------------------------

--
-- Estructura de tabla para la tabla `suplidor`
--

CREATE TABLE `suplidor` (
  `Id` int(11) NOT NULL,
  `nombre` varchar(50) NOT NULL,
  `rnc` varchar(50) DEFAULT NULL,
  `direccion` varchar(100) NOT NULL,
  `telefono` varchar(15) NOT NULL,
  `correo` varchar(60) NOT NULL,
  `web` varchar(50) NOT NULL,
  `tipo` varchar(50) NOT NULL,
  `logo` varchar(200) NOT NULL
) ENGINE=InnoDB DEFAULT CHARSET=utf8mb4;

--
-- Volcado de datos para la tabla `suplidor`
--

INSERT INTO `suplidor` (`Id`, `nombre`, `rnc`, `direccion`, `telefono`, `correo`, `web`, `tipo`, `logo`) VALUES
(6, 'Luxury Movil', '', 'Duarte Santo Domingo', '8299392939', 'gdggdfgfg@gmail.com', '', '4', 'https://firebasestorage.googleapis.com/v0/b/willtechno-8b6a9.appspot.com/o/suplidores%2F1605009358251.png?alt=media&amp;amp;token=0dbf7295-93b2-4bb3-9626-ea13156b6b3c'),
(7, 'Cell Pro', '14525452', 'Duarte Santo Domingo', '8554525452', 'loordajhsdjdf@hotmail.com', '', 'Mercancia', ''),
(8, 'Nic Japan', '131411649', 'Duarte Santo Domingo', '8554525452', 'loorhdajhsdjdf@hotmail.com', '', 'Mercancia', 'https://firebasestorage.googleapis.com/v0/b/willtechno-8b6a9.appspot.com/o/suplidores%2F1605033686374.png?alt=media&amp;amp;amp;token=bcb890c6-fce5-4b3c-9081-14e0cdd37c7b'),
(9, 'Mundo Movil', '100012252525555', 'Duarte Santo Domingo', '9408084007', 'lorimecrwilgay23@gmail.comc', '', 'Mercancia', 'https://firebasestorage.googleapis.com/v0/b/willtechno-8b6a9.appspot.com/o/suplidores%2F1605132866826.png?alt=media&amp;amp;amp;token=48f4a665-1a27-4368-8471-166af8fb3a97'),
(10, 'General', '112332335622', 'No dir', '8399392930', '', '', 'Mercancia', '');

-- --------------------------------------------------------

--
-- Estructura de tabla para la tabla `usuario`
--

CREATE TABLE `usuario` (
  `Id` int(11) NOT NULL,
  `nombre` varchar(50) NOT NULL,
  `direccion` varchar(60) NOT NULL,
  `identificacion` varchar(15) NOT NULL,
  `telefono` varchar(15) NOT NULL,
  `correo` varchar(50) NOT NULL,
  `usuario` varchar(30) NOT NULL,
  `tipo_usuario` varchar(20) NOT NULL,
  `contrasena` int(50) NOT NULL,
  `sexo` varchar(30) NOT NULL,
  `foto` varchar(200) NOT NULL,
  `estado` bit(1) NOT NULL
) ENGINE=InnoDB DEFAULT CHARSET=utf8mb4;

--
-- Volcado de datos para la tabla `usuario`
--

INSERT INTO `usuario` (`Id`, `nombre`, `direccion`, `identificacion`, `telefono`, `correo`, `usuario`, `tipo_usuario`, `contrasena`, `sexo`, `foto`, `estado`) VALUES
(78, 'Wilgai Lorimer', '', '5fb07jdea17efcf', '9408084007', 'klldgkgkgkgm@gmail.com', 'Lorimer12', 'User', 123456, 'Hombre', 'https://firebasestorage.googleapis.com/v0/b/wilgaisoft-4db06.appspot.com/o/Users%2FWhatsApp-Image-2020-07-28-at-6.28.png_1608000781136?alt=media&amp;amp;token=dce5d582-6d13-4c82-988c-e3a347c1580c', b'1'),
(81, 'Lorimin Wilson', '', '5fe0e1ddb3f75', '8299392939', 'WILGAISOFT@GMAIL.COM', 'wilson', 'Admin', 0, 'Hombre', '', b'1');

--
-- Índices para tablas volcadas
--

--
-- Indices de la tabla `categoria`
--
ALTER TABLE `categoria`
  ADD PRIMARY KEY (`Id`);

--
-- Indices de la tabla `detalle_factura`
--
ALTER TABLE `detalle_factura`
  ADD PRIMARY KEY (`Id`),
  ADD KEY `clave_Producto` (`codigo_articulo`),
  ADD KEY `id_factura` (`idFactura`);

--
-- Indices de la tabla `factura`
--
ALTER TABLE `factura`
  ADD PRIMARY KEY (`OrderNumber`),
  ADD KEY `clave_usuario` (`usuario_registro`);

--
-- Indices de la tabla `inventario`
--
ALTER TABLE `inventario`
  ADD PRIMARY KEY (`Id`),
  ADD KEY `claveProducto` (`IdProducto`),
  ADD KEY `OrderId` (`IdFactura`);

--
-- Indices de la tabla `marca`
--
ALTER TABLE `marca`
  ADD PRIMARY KEY (`Id`);

--
-- Indices de la tabla `modelo`
--
ALTER TABLE `modelo`
  ADD PRIMARY KEY (`Id`);

--
-- Indices de la tabla `producto`
--
ALTER TABLE `producto`
  ADD PRIMARY KEY (`Id`),
  ADD KEY `clave_Modelo` (`modelo`),
  ADD KEY `clave_Marca` (`codigo_marca`),
  ADD KEY `Codigo_sup` (`codigo_suplidor`),
  ADD KEY `idCategoria` (`codigo_categoria`);

--
-- Indices de la tabla `suplidor`
--
ALTER TABLE `suplidor`
  ADD PRIMARY KEY (`Id`);

--
-- Indices de la tabla `usuario`
--
ALTER TABLE `usuario`
  ADD PRIMARY KEY (`Id`);

--
-- AUTO_INCREMENT de las tablas volcadas
--

--
-- AUTO_INCREMENT de la tabla `categoria`
--
ALTER TABLE `categoria`
  MODIFY `Id` int(11) NOT NULL AUTO_INCREMENT, AUTO_INCREMENT=4;

--
-- AUTO_INCREMENT de la tabla `detalle_factura`
--
ALTER TABLE `detalle_factura`
  MODIFY `Id` int(11) NOT NULL AUTO_INCREMENT, AUTO_INCREMENT=189;

--
-- AUTO_INCREMENT de la tabla `inventario`
--
ALTER TABLE `inventario`
  MODIFY `Id` int(11) NOT NULL AUTO_INCREMENT, AUTO_INCREMENT=168;

--
-- AUTO_INCREMENT de la tabla `marca`
--
ALTER TABLE `marca`
  MODIFY `Id` int(11) NOT NULL AUTO_INCREMENT, AUTO_INCREMENT=13;

--
-- AUTO_INCREMENT de la tabla `modelo`
--
ALTER TABLE `modelo`
  MODIFY `Id` int(11) NOT NULL AUTO_INCREMENT, AUTO_INCREMENT=108;

--
-- AUTO_INCREMENT de la tabla `producto`
--
ALTER TABLE `producto`
  MODIFY `Id` int(11) NOT NULL AUTO_INCREMENT, AUTO_INCREMENT=202;

--
-- AUTO_INCREMENT de la tabla `suplidor`
--
ALTER TABLE `suplidor`
  MODIFY `Id` int(11) NOT NULL AUTO_INCREMENT, AUTO_INCREMENT=11;

--
-- AUTO_INCREMENT de la tabla `usuario`
--
ALTER TABLE `usuario`
  MODIFY `Id` int(11) NOT NULL AUTO_INCREMENT, AUTO_INCREMENT=82;

--
-- Restricciones para tablas volcadas
--

--
-- Filtros para la tabla `detalle_factura`
--
ALTER TABLE `detalle_factura`
  ADD CONSTRAINT `clave_Producto` FOREIGN KEY (`codigo_articulo`) REFERENCES `producto` (`Id`),
  ADD CONSTRAINT `id_factura` FOREIGN KEY (`idFactura`) REFERENCES `factura` (`OrderNumber`);

--
-- Filtros para la tabla `factura`
--
ALTER TABLE `factura`
  ADD CONSTRAINT `clave_usuario` FOREIGN KEY (`usuario_registro`) REFERENCES `usuario` (`Id`);

--
-- Filtros para la tabla `inventario`
--
ALTER TABLE `inventario`
  ADD CONSTRAINT `OrderId` FOREIGN KEY (`IdFactura`) REFERENCES `factura` (`OrderNumber`),
  ADD CONSTRAINT `claveProducto` FOREIGN KEY (`IdProducto`) REFERENCES `producto` (`Id`);

--
-- Filtros para la tabla `producto`
--
ALTER TABLE `producto`
  ADD CONSTRAINT `Codigo_sup` FOREIGN KEY (`codigo_suplidor`) REFERENCES `suplidor` (`Id`),
  ADD CONSTRAINT `clave_Marca` FOREIGN KEY (`codigo_marca`) REFERENCES `marca` (`Id`),
  ADD CONSTRAINT `clave_Modelo` FOREIGN KEY (`modelo`) REFERENCES `modelo` (`Id`),
  ADD CONSTRAINT `idCategoria` FOREIGN KEY (`codigo_categoria`) REFERENCES `categoria` (`Id`);
COMMIT;

/*!40101 SET CHARACTER_SET_CLIENT=@OLD_CHARACTER_SET_CLIENT */;
/*!40101 SET CHARACTER_SET_RESULTS=@OLD_CHARACTER_SET_RESULTS */;
/*!40101 SET COLLATION_CONNECTION=@OLD_COLLATION_CONNECTION */;
